Active: 1667943619892@@127.0.0.1@3306@e-cologicos
INSERT INTO Usuario (id, nome, idade) VALUES (1, 'Jorge',26);
INSERT INTO Historico (idHistorico, idUsuario, pontuacaoGeral) VALUES (1,1,0);
INSERT INTO Reciclagem (idHistorico, fazReciclagem, separaLixoOrganicoNaoOrganico, separaLixoPorTipo, valorIndice) VALUES (1,0,0,0,0);
INSERT INTO Transporte (idHistorico, meioTransporte, tempoLocomocao, tipoCombustivel, valorIndice) VALUES (1,'Bicicleta',20,'0',0);
INSERT INTO Energia (idHistorico, consumoEnergia, tipoEnergia, valorIndice) VALUES (1,30,'Hidrelétrica',0);
INSERT INTO Alimentacao (idHistorico, qtoCarneVermelha, vegetarianoVegano, ConsomeDeEmpresasEcoFriendly, valorIndice) VALUES (1,0.1,0,1,0);
INSERT INTO Agua (idHistorico, coletaAguaDaChuva, consumoDeAgua, fazReusoDeAgua, valorIndice) VALUES (1,0,10,0,0);
INSERT INTO Usuario (id, nome, idade) VALUES (2, 'Jorge ',26);
INSERT INTO Historico (idHistorico, idUsuario, pontuacaoGeral) VALUES (2,2,0);
INSERT INTO Reciclagem (idHistorico, fazReciclagem, separaLixoOrganicoNaoOrganico, separaLixoPorTipo, valorIndice) VALUES (2,0,1,1,0);
INSERT INTO Transporte (idHistorico, meioTransporte, tempoLocomocao, tipoCombustivel, valorIndice) VALUES (2,'carro',5,'Alcool',0);
INSERT INTO Energia (idHistorico, consumoEnergia, tipoEnergia, valorIndice) VALUES (2,200,'Hidrelétrica',0);
INSERT INTO Alimentacao (idHistorico, qtoCarneVermelha, vegetarianoVegano, ConsomeDeEmpresasEcoFriendly, valorIndice) VALUES (2,0.2,0,1,0);
INSERT INTO Agua (idHistorico, coletaAguaDaChuva, consumoDeAgua, fazReusoDeAgua, valorIndice) VALUES (2,0,10,0,0);
INSERT INTO Usuario (id, nome, idade) VALUES (3, 'Edson ',29);
INSERT INTO Historico (idHistorico, idUsuario, pontuacaoGeral) VALUES (3,3,0);
INSERT INTO Reciclagem (idHistorico, fazReciclagem, separaLixoOrganicoNaoOrganico, separaLixoPorTipo, valorIndice) VALUES (3,1,1,0,0);
INSERT INTO Transporte (idHistorico, meioTransporte, tempoLocomocao, tipoCombustivel, valorIndice) VALUES (3,'0',0,'0',0);
INSERT INTO Energia (idHistorico, consumoEnergia, tipoEnergia, valorIndice) VALUES (3,200,'Hidrelétrica',0);
INSERT INTO Alimentacao (idHistorico, qtoCarneVermelha, vegetarianoVegano, ConsomeDeEmpresasEcoFriendly, valorIndice) VALUES (3,0.5,0,0,0);
INSERT INTO Agua (idHistorico, coletaAguaDaChuva, consumoDeAgua, fazReusoDeAgua, valorIndice) VALUES (3,0,5,0,0);
INSERT INTO Usuario (id, nome, idade) VALUES (4, 'Edson',29);
INSERT INTO Historico (idHistorico, idUsuario, pontuacaoGeral) VALUES (4,4,0);
INSERT INTO Reciclagem (idHistorico, fazReciclagem, separaLixoOrganicoNaoOrganico, separaLixoPorTipo, valorIndice) VALUES (4,0,0,0,0);
INSERT INTO Transporte (idHistorico, meioTransporte, tempoLocomocao, tipoCombustivel, valorIndice) VALUES (4,'0',0,'0',0);
INSERT INTO Energia (idHistorico, consumoEnergia, tipoEnergia, valorIndice) VALUES (4,300,'Hidrelétrica',0);
INSERT INTO Alimentacao (idHistorico, qtoCarneVermelha, vegetarianoVegano, ConsomeDeEmpresasEcoFriendly, valorIndice) VALUES (4,2,0,0,0);
INSERT INTO Agua (idHistorico, coletaAguaDaChuva, consumoDeAgua, fazReusoDeAgua, valorIndice) VALUES (4,0,10,0,0);
INSERT INTO Usuario (id, nome, idade) VALUES (5, 'Luiza',25);
INSERT INTO Historico (idHistorico, idUsuario, pontuacaoGeral) VALUES (5,5,0);
INSERT INTO Reciclagem (idHistorico, fazReciclagem, separaLixoOrganicoNaoOrganico, separaLixoPorTipo, valorIndice) VALUES (5,1,1,0,0);
INSERT INTO Transporte (idHistorico, meioTransporte, tempoLocomocao, tipoCombustivel, valorIndice) VALUES (5,'Carro',40,'Gasolina',0);
INSERT INTO Energia (idHistorico, consumoEnergia, tipoEnergia, valorIndice) VALUES (5,200,'Hidrelétrica',0);
INSERT INTO Alimentacao (idHistorico, qtoCarneVermelha, vegetarianoVegano, ConsomeDeEmpresasEcoFriendly, valorIndice) VALUES (5,0.3,0,1,0);
INSERT INTO Agua (idHistorico, coletaAguaDaChuva, consumoDeAgua, fazReusoDeAgua, valorIndice) VALUES (5,0,20,0,0);
INSERT INTO Usuario (id, nome, idade) VALUES (6, 'João',19);
INSERT INTO Historico (idHistorico, idUsuario, pontuacaoGeral) VALUES (6,6,0);
INSERT INTO Reciclagem (idHistorico, fazReciclagem, separaLixoOrganicoNaoOrganico, separaLixoPorTipo, valorIndice) VALUES (6,0,0,0,0);
INSERT INTO Transporte (idHistorico, meioTransporte, tempoLocomocao, tipoCombustivel, valorIndice) VALUES (6,'Van',160,'Gasolina',0);
INSERT INTO Energia (idHistorico, consumoEnergia, tipoEnergia, valorIndice) VALUES (6,300,'Hidrelétrica',0);
INSERT INTO Alimentacao (idHistorico, qtoCarneVermelha, vegetarianoVegano, ConsomeDeEmpresasEcoFriendly, valorIndice) VALUES (6,0.5,0,0,0);
INSERT INTO Agua (idHistorico, coletaAguaDaChuva, consumoDeAgua, fazReusoDeAgua, valorIndice) VALUES (6,0,150,0,0);
INSERT INTO Usuario (id, nome, idade) VALUES (7, 'Matheus ',28);
INSERT INTO Historico (idHistorico, idUsuario, pontuacaoGeral) VALUES (7,7,0);
INSERT INTO Reciclagem (idHistorico, fazReciclagem, separaLixoOrganicoNaoOrganico, separaLixoPorTipo, valorIndice) VALUES (7,1,1,0,0);
INSERT INTO Transporte (idHistorico, meioTransporte, tempoLocomocao, tipoCombustivel, valorIndice) VALUES (7,'Carro',30,'Gasolina',0);
INSERT INTO Energia (idHistorico, consumoEnergia, tipoEnergia, valorIndice) VALUES (7,200,'Hidrelétrica',0);
INSERT INTO Alimentacao (idHistorico, qtoCarneVermelha, vegetarianoVegano, ConsomeDeEmpresasEcoFriendly, valorIndice) VALUES (7,1,0,0,0);
INSERT INTO Agua (idHistorico, coletaAguaDaChuva, consumoDeAgua, fazReusoDeAgua, valorIndice) VALUES (7,0,25,0,0);
INSERT INTO Usuario (id, nome, idade) VALUES (8, 'Artur ',19);
INSERT INTO Historico (idHistorico, idUsuario, pontuacaoGeral) VALUES (8,8,0);
INSERT INTO Reciclagem (idHistorico, fazReciclagem, separaLixoOrganicoNaoOrganico, separaLixoPorTipo, valorIndice) VALUES (8,0,0,0,0);
INSERT INTO Transporte (idHistorico, meioTransporte, tempoLocomocao, tipoCombustivel, valorIndice) VALUES (8,'Bicicleta',30,'0',0);
INSERT INTO Energia (idHistorico, consumoEnergia, tipoEnergia, valorIndice) VALUES (8,200,'Hidrelétrica',0);
INSERT INTO Alimentacao (idHistorico, qtoCarneVermelha, vegetarianoVegano, ConsomeDeEmpresasEcoFriendly, valorIndice) VALUES (8,0.5,0,1,0);
INSERT INTO Agua (idHistorico, coletaAguaDaChuva, consumoDeAgua, fazReusoDeAgua, valorIndice) VALUES (8,0,4,0,0);
INSERT INTO Usuario (id, nome, idade) VALUES (9, 'Luno',14);
INSERT INTO Historico (idHistorico, idUsuario, pontuacaoGeral) VALUES (9,9,0);
INSERT INTO Reciclagem (idHistorico, fazReciclagem, separaLixoOrganicoNaoOrganico, separaLixoPorTipo, valorIndice) VALUES (9,0,0,0,0);
INSERT INTO Transporte (idHistorico, meioTransporte, tempoLocomocao, tipoCombustivel, valorIndice) VALUES (9,'Carro e Skate',15,'Alcool',0);
INSERT INTO Energia (idHistorico, consumoEnergia, tipoEnergia, valorIndice) VALUES (9,300,'Hidrelétrica',0);
INSERT INTO Alimentacao (idHistorico, qtoCarneVermelha, vegetarianoVegano, ConsomeDeEmpresasEcoFriendly, valorIndice) VALUES (9,0,1,1,0);
INSERT INTO Agua (idHistorico, coletaAguaDaChuva, consumoDeAgua, fazReusoDeAgua, valorIndice) VALUES (9,0,10,0,0);
INSERT INTO Usuario (id, nome, idade) VALUES (10, 'Lucas',18);
INSERT INTO Historico (idHistorico, idUsuario, pontuacaoGeral) VALUES (10,10,0);
INSERT INTO Reciclagem (idHistorico, fazReciclagem, separaLixoOrganicoNaoOrganico, separaLixoPorTipo, valorIndice) VALUES (10,0,1,0,0);
INSERT INTO Transporte (idHistorico, meioTransporte, tempoLocomocao, tipoCombustivel, valorIndice) VALUES (10,'ônibus',30,'Gasolina',0);
INSERT INTO Energia (idHistorico, consumoEnergia, tipoEnergia, valorIndice) VALUES (10,5,'Hidrelétrica',0);
INSERT INTO Alimentacao (idHistorico, qtoCarneVermelha, vegetarianoVegano, ConsomeDeEmpresasEcoFriendly, valorIndice) VALUES (10,0.3,0,0,0);
INSERT INTO Agua (idHistorico, coletaAguaDaChuva, consumoDeAgua, fazReusoDeAgua, valorIndice) VALUES (10,0,10,0,0);
INSERT INTO Usuario (id, nome, idade) VALUES (11, 'João ',19);
INSERT INTO Historico (idHistorico, idUsuario, pontuacaoGeral) VALUES (11,11,0);
INSERT INTO Reciclagem (idHistorico, fazReciclagem, separaLixoOrganicoNaoOrganico, separaLixoPorTipo, valorIndice) VALUES (11,0,0,0,0);
INSERT INTO Transporte (idHistorico, meioTransporte, tempoLocomocao, tipoCombustivel, valorIndice) VALUES (11,'Carro',30,'Gasolina',0);
INSERT INTO Energia (idHistorico, consumoEnergia, tipoEnergia, valorIndice) VALUES (11,300,'Hidrelétrica',0);
INSERT INTO Alimentacao (idHistorico, qtoCarneVermelha, vegetarianoVegano, ConsomeDeEmpresasEcoFriendly, valorIndice) VALUES (11,1,0,0,0);
INSERT INTO Agua (idHistorico, coletaAguaDaChuva, consumoDeAgua, fazReusoDeAgua, valorIndice) VALUES (11,30,15,1,0);
INSERT INTO Usuario (id, nome, idade) VALUES (12, 'João',22);
INSERT INTO Historico (idHistorico, idUsuario, pontuacaoGeral) VALUES (12,12,0);
INSERT INTO Reciclagem (idHistorico, fazReciclagem, separaLixoOrganicoNaoOrganico, separaLixoPorTipo, valorIndice) VALUES (12,1,1,1,0);
INSERT INTO Transporte (idHistorico, meioTransporte, tempoLocomocao, tipoCombustivel, valorIndice) VALUES (12,'Bicicleta ',20,'0',0);
INSERT INTO Energia (idHistorico, consumoEnergia, tipoEnergia, valorIndice) VALUES (12,200,'Hidrelétrica',0);
INSERT INTO Alimentacao (idHistorico, qtoCarneVermelha, vegetarianoVegano, ConsomeDeEmpresasEcoFriendly, valorIndice) VALUES (12,0,1,1,0);
INSERT INTO Agua (idHistorico, coletaAguaDaChuva, consumoDeAgua, fazReusoDeAgua, valorIndice) VALUES (12,40,15,1,0);
INSERT INTO Usuario (id, nome, idade) VALUES (13, 'Gabriel',24);
INSERT INTO Historico (idHistorico, idUsuario, pontuacaoGeral) VALUES (13,13,0);
INSERT INTO Reciclagem (idHistorico, fazReciclagem, separaLixoOrganicoNaoOrganico, separaLixoPorTipo, valorIndice) VALUES (13,0,1,1,0);
INSERT INTO Transporte (idHistorico, meioTransporte, tempoLocomocao, tipoCombustivel, valorIndice) VALUES (13,'Metrô, trem, ônibus ',60,'Diesel',0);
INSERT INTO Energia (idHistorico, consumoEnergia, tipoEnergia, valorIndice) VALUES (13,50,'Hidrelétrica',0);
INSERT INTO Alimentacao (idHistorico, qtoCarneVermelha, vegetarianoVegano, ConsomeDeEmpresasEcoFriendly, valorIndice) VALUES (13,0,1,1,0);
INSERT INTO Agua (idHistorico, coletaAguaDaChuva, consumoDeAgua, fazReusoDeAgua, valorIndice) VALUES (13,0,20,0,0);
INSERT INTO Usuario (id, nome, idade) VALUES (14, 'Gabriel ',26);
INSERT INTO Historico (idHistorico, idUsuario, pontuacaoGeral) VALUES (14,14,0);
INSERT INTO Reciclagem (idHistorico, fazReciclagem, separaLixoOrganicoNaoOrganico, separaLixoPorTipo, valorIndice) VALUES (14,1,1,1,0);
INSERT INTO Transporte (idHistorico, meioTransporte, tempoLocomocao, tipoCombustivel, valorIndice) VALUES (14,'Metrô, trem, ônibus ',90,'Diesel',0);
INSERT INTO Energia (idHistorico, consumoEnergia, tipoEnergia, valorIndice) VALUES (14,100,'Hidrelétrica',0);
INSERT INTO Alimentacao (idHistorico, qtoCarneVermelha, vegetarianoVegano, ConsomeDeEmpresasEcoFriendly, valorIndice) VALUES (14,0,1,1,0);
INSERT INTO Agua (idHistorico, coletaAguaDaChuva, consumoDeAgua, fazReusoDeAgua, valorIndice) VALUES (14,20,20,1,0);
INSERT INTO Usuario (id, nome, idade) VALUES (15, 'Giovani ',19);
INSERT INTO Historico (idHistorico, idUsuario, pontuacaoGeral) VALUES (15,15,0);
INSERT INTO Reciclagem (idHistorico, fazReciclagem, separaLixoOrganicoNaoOrganico, separaLixoPorTipo, valorIndice) VALUES (15,1,1,0,0);
INSERT INTO Transporte (idHistorico, meioTransporte, tempoLocomocao, tipoCombustivel, valorIndice) VALUES (15,'Ônibus',10,'Biocombustível',0);
INSERT INTO Energia (idHistorico, consumoEnergia, tipoEnergia, valorIndice) VALUES (15,60,'Hidrelétrica',0);
INSERT INTO Alimentacao (idHistorico, qtoCarneVermelha, vegetarianoVegano, ConsomeDeEmpresasEcoFriendly, valorIndice) VALUES (15,0,1,1,0);
INSERT INTO Agua (idHistorico, coletaAguaDaChuva, consumoDeAgua, fazReusoDeAgua, valorIndice) VALUES (15,0,3,0,0);
INSERT INTO Usuario (id, nome, idade) VALUES (16, 'Gabriel',22);
INSERT INTO Historico (idHistorico, idUsuario, pontuacaoGeral) VALUES (16,16,0);
INSERT INTO Reciclagem (idHistorico, fazReciclagem, separaLixoOrganicoNaoOrganico, separaLixoPorTipo, valorIndice) VALUES (16,0,0,0,0);
INSERT INTO Transporte (idHistorico, meioTransporte, tempoLocomocao, tipoCombustivel, valorIndice) VALUES (16,'Carro',10,'Gasolina',0);
INSERT INTO Energia (idHistorico, consumoEnergia, tipoEnergia, valorIndice) VALUES (16,127,'Hidrelétrica',0);
INSERT INTO Alimentacao (idHistorico, qtoCarneVermelha, vegetarianoVegano, ConsomeDeEmpresasEcoFriendly, valorIndice) VALUES (16,0.1,0,0,0);
INSERT INTO Agua (idHistorico, coletaAguaDaChuva, consumoDeAgua, fazReusoDeAgua, valorIndice) VALUES (16,0,2,0,0);
